1086330092672839680,really scandalous part of Michael Cohen,https://t.co/NInobx4u4C,https://wapo.st/2FKALhx
1086310114758479873,Mueller might finally have,https://t.co/OpHvNi8W7O,https://wapo.st/2FKwbzR
1086326128661405697,The economy can only take so many bad,https://t.co/qXOOfMi1Gv,https://nyti.ms/2DkAH6S
1086335938329018369,Trump's petty shutdown games,https://t.co/yRiDcCaK4O,https://nbcnews.to/2FL0sim
1086269235062603777,Nancy Pelosi is aiming,https://t.co/KY5L89L60F,https://nyti.ms/2FHAEU2
1086241421907103745,We need the federal government,https://t.co/fBZEPUJ0rH,https://wapo.st/2FIo9HN
1086231314519519232,risks of a recession are rising,https://wapo.st/2FFx3FY,https://t.co/pERYfnPcaL
1086193612407406592,Why Jewish women should still,https://t.co/b81ZH54Yg4,https://wapo.st/2DheXIY
1086014518893989889,suggests Manafort kept working on,https://t.co/YOTRG0bP83,https://wapo.st/2DfoS1I
1086254895777439749,Cohen bombshell could significantly change Mueller,https://t.co/nFCU09ASvU,https://wapo.st/2FJYrTd
1085930456460283905,this the end of the public,https://t.co/NsXHfqpBqg,https://wapo.st/2FEJxO9
1085190877071306755,Barr confirms he shared his Mueller memo,https://t.co/vkpievC9aC,https://wapo.st/2FyFsuU
1085968309651210240,next generation of voters is more liberal,https://t.co/UkgdZwmgxm,https://wapo.st/2FDLxq6
1085564591231373318,cyber workers increasingly concerned hackers,https://t.co/k2QLPzbITL,https://wapo.st/2FB7nKI